{"cameraMode":{"drawMode":0,"name":"Shaded","section":"Shading Mode"},"sceneLighting":false,"audioPlay":false,"sceneViewState":{"m_AlwaysRefresh":false,"showFog":true,"showSkybox":true,"showFlares":true,"showImageEffects":true,"showParticleSystems":true,"showVisualEffectGraphs":true,"m_FxEnabled":true},"in2DMode":false,"pivot":{"x":-3.048618793487549,"y":-0.46865859627723696,"z":-16.247020721435548},"rotation":{"x":-0.017271293327212335,"y":-0.652476966381073,"z":0.014897710643708706,"w":-0.757522702217102},"size":0.8660253882408142,"orthographic":false}