{"cameraMode":{"drawMode":0,"name":"Shaded","section":"Shading Mode"},"sceneLighting":false,"audioPlay":false,"sceneViewState":{"m_AlwaysRefresh":false,"showFog":true,"showSkybox":true,"showFlares":true,"showImageEffects":true,"showParticleSystems":true,"showVisualEffectGraphs":true,"m_FxEnabled":true},"in2DMode":false,"pivot":{"x":-0.4511272609233856,"y":2.1545042991638185,"z":-23.534915924072267},"rotation":{"x":0.1257607787847519,"y":-0.8662179708480835,"z":0.2724929451942444,"w":0.39956367015838625},"size":0.8660253882408142,"orthographic":false}