{"cameraMode":{"drawMode":0,"name":"Shaded","section":"Shading Mode"},"sceneLighting":false,"audioPlay":false,"sceneViewState":{"m_AlwaysRefresh":false,"showFog":true,"showSkybox":true,"showFlares":true,"showImageEffects":true,"showParticleSystems":true,"showVisualEffectGraphs":true,"m_FxEnabled":true},"in2DMode":false,"pivot":{"x":-8.071120262145996,"y":-1.6765458583831788,"z":-15.952460289001465},"rotation":{"x":0.15094850957393647,"y":0.4579167068004608,"z":-0.07922307401895523,"w":0.8725112080574036},"size":0.8660253882408142,"orthographic":false}